{
  "best_params": {
    "alpha": 6.348755301423526
  },
  "best_value": 441.5643318526264,
  "cv_summary": {
    "cv_mse_mean": 441.5643318526264,
    "cv_rmse_mean": 21.009974381983287,
    "cv_mae_mean": 16.76103558342554,
    "cv_r2_mean": 0.012373697662376459,
    "cv_mse": 441.5643318526264
  }
}