{
  "best_params": {
    "alpha": 99.80440043399787
  },
  "best_value": 362.02679345307627,
  "cv_summary": {
    "cv_mse": 362.02679345307627
  }
}